<?xml version="1.0" encoding="UTF-8"?>
<java version="1.7.0_51" class="java.beans.XMLDecoder">
 <object class="model.Properties">
  <void property="XStartPoint">
   <int>0</int>
  </void>
  <void property="YStartPoint">
   <int>0</int>
  </void>
  <void property="allowDiagonals">
   <boolean>false</boolean>
  </void>
  <void property="cols">
   <int>5</int>
  </void>
  <void property="gameCharecter">
   <string>Bissli</string>
  </void>
  <void property="heuristic">
   <string>MANHATTAN</string>
  </void>
  <void property="mazeGenerateType">
   <string>DFS</string>
  </void>
  <void property="rows">
   <int>5</int>
  </void>
  <void property="searchType">
   <string>BFS</string>
  </void>
  <void property="userInterfaceType">
   <string>GUI</string>
  </void>
 </object>
</java>
